{
	"FF1": {
		"Fault_parameters": {
			"FaultName": "Paganica - YEA - float",
			"kinematicType": "N",
			"Length": 20,
			"Width": NaN,
			"Dip": 50,
			"Seismogenic_Thickness": 14
			},
		"Fault_activity": {
			"SR_min": 0.6,
			"SR_max": 0.8,
            "Input_Mw": NaN,
			"Input_probability": NaN,
			"Last_eq_time": 2009,
			"Mobs": NaN,
			"Sd_Mobs": NaN,
			"year_for_calculations": NaN,
			"m_ScR": "L10-D",
			"Weighted": [],
			"ShearModulus": 3,
			"StrainDrop": 3,
			"fault_behavior": 1,
			"Mmin": 6,
			"b_value": 1,
			"bin": 0.1,
			"w": 50,
			"mag_truncation": 2
			},
		"Site_information": {
			"y_FSL_value": [0.01, 0.5],
			"Recurrence_time": 10000,
			"Design_displ": NaN,
			"Site_size": 50,
			"r0_value": 0.3,
			"Wall_type": "HW"
			},
		"PFDH_model_PF": {
			"P_slip_m": "WC93",
			"Input_MAEA24": "", 
			"Displ_type": 1, 
			"d_ScR": "L14-D",
			"d_truncation": NaN,
			"P_D_model": "YEA03",
			"floating": 1,
			"floating_bin": 1,
			"classic": 0,
			"srl_ScR": "L14-D",
			"P2p": 0
			},
		"PFDH_model_DR": {
			"Pslip_DR_m": "YEA03",
			"Pexc_DR_m": "YEA03_a"
			}
	},
	"FF2": {
		"Fault_parameters": {
			"FaultName": "Paganica - YEA - no float",
			"kinematicType": "N",
			"Length": 20,
			"Width": NaN,
			"Dip": 50,
			"Seismogenic_Thickness": 14
			},
		"Fault_activity": {
			"SR_min": 0.6,
			"SR_max": 0.8,
            		"Input_Mw": NaN,
			"Input_probability": NaN,
			"Last_eq_time": 2009,
			"Mobs": 6.3,
			"Sd_Mobs": 0.1,
			"year_for_calculations": NaN,
			"m_ScR": "L10-D",
			"Weighted": [],
			"ShearModulus": 3,
			"StrainDrop": 3,
			"fault_behavior": 1,
			"Mmin": 6,
			"b_value": 1,
			"bin": 0.1,
			"w": 50,
			"mag_truncation": 2
			},
		"Site_information": {
			"y_FSL_value": [0.01, 0.5],
			"Recurrence_time": 10000,
			"Design_displ": NaN,
			"Site_size": 50,
			"r0_value": 0.3,
			"Wall_type": "HW"
			},
		"PFDH_model_PF": {
			"P_slip_m": "WC93",
			"Input_MAEA24": "", 
			"Displ_type": 1, 
			"d_ScR": "L14-D",
			"d_truncation": NaN,
			"P_D_model": "YEA03",
			"floating": 0,
			"floating_bin": 1,
			"classic": 0,
			"srl_ScR": "L14-D",
			"P2p": 0
			},
		"PFDH_model_DR": {
			"Pslip_DR_m": "YEA03",
			"Pexc_DR_m": "YEA03_a"
			}
	},
	"FF3": {
		"Fault_parameters": {
			"FaultName": "Paganica - FL21a - float",
			"kinematicType": "N",
			"Length": 20,
			"Width": NaN,
			"Dip": 50,
			"Seismogenic_Thickness": 14
			},
		"Fault_activity": {
			"SR_min": 0.6,
			"SR_max": 0.8,
            		"Input_Mw": NaN,
			"Input_probability": NaN,
			"Last_eq_time": 2009,
			"Mobs": 6.3,
			"Sd_Mobs": 0.1,
			"year_for_calculations": NaN,
			"m_ScR": "L10-D",
			"Weighted": [],
			"ShearModulus": 3,
			"StrainDrop": 3,
			"fault_behavior": 1,
			"Mmin": 6,
			"b_value": 1,
			"bin": 0.1,
			"w": 50,
			"mag_truncation": 2
			},
		"Site_information": {
			"y_FSL_value": [0.01, 0.5],
			"Recurrence_time": 10000,
			"Design_displ": NaN,
			"Site_size": 50,
			"r0_value": 0.3,
			"Wall_type": "HW"
			},
		"PFDH_model_PF": {
			"P_slip_m": "WC93",
			"Input_MAEA24": "", 
			"Displ_type": 1, 
			"d_ScR": "L14-D",
			"d_truncation": NaN,
			"P_D_model": "YEA03",
			"floating": 1,
			"floating_bin": 1,
			"classic": 0,
			"srl_ScR": "L14-D",
			"P2p": 0
			},
		"PFDH_model_DR": {
			"Pslip_DR_m": "FL21_a",
			"Pexc_DR_m": "YEA03_a"
			}
	},
	"FF4": {
		"Fault_parameters": {
			"FaultName": "Paganica - FL21a - nofloat",
			"kinematicType": "N",
			"Length": 20,
			"Width": NaN,
			"Dip": 50,
			"Seismogenic_Thickness": 14
			},
		"Fault_activity": {
			"SR_min": 0.6,
			"SR_max": 0.8,
            		"Input_Mw": NaN,
			"Input_probability": NaN,
			"Last_eq_time": 2009,
			"Mobs": 6.3,
			"Sd_Mobs": 0.1,
			"year_for_calculations": NaN,
			"m_ScR": "L10-D",
			"Weighted": [],
			"ShearModulus": 3,
			"StrainDrop": 3,
			"fault_behavior": 1,
			"Mmin": 6,
			"b_value": 1,
			"bin": 0.1,
			"w": 50,
			"mag_truncation": 2
			},
		"Site_information": {
			"y_FSL_value": [0.01, 0.5],
			"Recurrence_time": 10000,
			"Design_displ": NaN,
			"Site_size": 50,
			"r0_value": 0.3,
			"Wall_type": "HW"
			},
		"PFDH_model_PF": {
			"P_slip_m": "WC93",
			"Input_MAEA24": "", 
			"Displ_type": 1, 
			"d_ScR": "L14-D",
			"d_truncation": NaN,
			"P_D_model": "YEA03",
			"floating": 0,
			"floating_bin": 1,
			"classic": 0,
			"srl_ScR": "L14-D",
			"P2p": 0
			},
		"PFDH_model_DR": {
			"Pslip_DR_m": "FL21_a",
			"Pexc_DR_m": "YEA03_a"
			}
	}



}
