{
	"FF1": {
		"Map_information": {
			"long_range": [13.30, 13.60],
			"lat_range": [42.26, 42.45],
			"step": 0.001,
			"max_dist": [7000, 4000],
			"input_shapefile": "Paganica_SPD.shp"
			},
		"Fault_parameters": {
			"FaultName": "Paganica",
			"kinematicType": "N",
			"Length": 20,
			"Width": NaN,
			"Strike": 110,
			"Dip": 50,
			"Seismogenic_Thickness": 14,
			"Fault_zone": [30, 10]
			},
		"Fault_activity": {
			"SR_min": 0.6,
			"SR_max": 0.8,
			"Input_Mw": NaN,
			"Input_probability": NaN,
			"Last_eq_time": 2009,
			"Mobs": 6.3,
			"Sd_Mobs": 0.1,
			"year_for_calculations": NaN,
			"m_ScR": "L10-D",
			"Weighted": [],
			"ShearModulus": 3,
			"StrainDrop": 3,
			"fault_behavior": 6,
			"Mmin": 6,
			"b_value": 1,
			"bin": 0.1,
			"w": 50,
			"mag_truncation": 2
			},
		"Design_information": {
			"Recurrence_time": 2475,
			"Design_displ": NaN
			},
		"PFDH_model_PF": {
			"P_slip_m": "WC93",
        		"Input_MAEA24": NaN,
			"Displ_type": 1, 
			"d_ScR": "L14-D",
			"d_truncation": NaN,
			"P_D_model": "YEA03",
			"floating": 1,
			"floating_bin": 1,
			"srl_ScR": "L14-D",
			"P2p": 0
			},
		"PFDH_model_DR": {
			"Pslip_DR_m": "YEA03",
			"Pexc_DR_m": "YEA03_a"
			}
	},
	"FF2": {
		"Map_information": {
			"long_range": [13.30, 13.60],
			"lat_range": [42.26, 42.45],
			"step": 0.001,
			"max_dist": [7000, 4000],
			"input_shapefile": "Paganica_SPD.shp"
			},
		"Fault_parameters": {
			"FaultName": "Paganica_2",
			"kinematicType": "N",
			"Length": 20,
			"Width": NaN,
			"Strike": 110,
			"Dip": 50,
			"Seismogenic_Thickness": 14,
			"Fault_zone": [30, 10]
			},
		"Fault_activity": {
			"SR_min": 0.6,
			"SR_max": 0.8,
			"Input_Mw": NaN,
			"Input_probability": NaN,
			"Last_eq_time": 2009,
			"Mobs": 6.3,
			"Sd_Mobs": 0.1,
			"year_for_calculations": NaN,
			"m_ScR": "L10-D",
			"Weighted": [],
			"ShearModulus": 3,
			"StrainDrop": 3,
			"fault_behavior": 1,
			"Mmin": 6,
			"b_value": 1,
			"bin": 0.1,
			"w": 50,
			"mag_truncation": 2
			},
		"Design_information": {
			"Recurrence_time": 2000,
			"Design_displ": NaN
			},
		"PFDH_model_PF": {
			"P_slip_m": "WC93",
        		"Input_MAEA24": NaN,
			"Displ_type": 1, 
			"d_ScR": "L14-D",
			"d_truncation": NaN,
			"P_D_model": "YEA03",
			"floating": 1,
			"floating_bin": 1,
			"srl_ScR": "L14-D",
			"P2p": 0
			},
		"PFDH_model_DR": {
			"Pslip_DR_m": "FL21_a",
			"Pexc_DR_m": "YEA03_a"
			}
	}

}
