{
  "FF1": {
    "Fault_parameters": {
      "FaultName": "Futagawa - case a",
      "kinematicType": "SS",
      "Length": 22,
      "Width": NaN,
      "Dip": 60,
      "Seismogenic_Thickness": 14
    },
    "Fault_activity": {
      "Input_Mw": 6.5,
      "Input_probability": 1.8900e-04,
      "Last_eq_time": NaN,
      "Mobs": NaN,
      "Sd_Mobs": NaN,
      "year_for_calculations": NaN,
      "m_ScR": NaN,
      "Weighted": [],
      "ShearModulus": 3,
      "StrainDrop": 3,
      "Mmin": 5.5,
      "b_value": 1,
      "bin": 0.1,
      "w": 50,
      "mag_truncation": NaN,
      "SR_min": NaN,
      "SR_max": NaN,
      "fault_behavior": 1
    },
    "Site_information": {
      "y_FSL_value": 0.23,
      "Recurrence_time": NaN,
      "Design_displ": NaN,
      "Site_size": 100,
      "r0_value": 5.2,
      "Wall_type": "HW"
    },
    "PFDH_model_PF": {
      "Input_MAEA24": "",
      "Displ_type": 1,
      "d_truncation": 3,
      "floating": 0,
      "floating_bin": 1,
      "classic": 0,
      "P2p": 1,
      "P_slip_m": "TEA13",
      "d_ScR": "TEA13",
      "P_D_model": "TEA13",
      "srl_ScR": NaN
    },
    "PFDH_model_DR": {
      "Pslip_DR_m": "TEA14_b",
      "Pexc_DR_m": "TEA14"
    }
  }

}