{
	"FF3": {
		"Fault_parameters": {
			"FaultName": "Scenario 3 - YEA",
			"kinematicType": "N",
			"Length": 15.2,
			"Width": NaN,
			"Dip": 40,
			"Seismogenic_Thickness": 7
			},
		"Fault_activity": {
			"SR_min": 0.14,
			"SR_max": 0.35,
            		"Input_Mw": NaN,
			"Input_probability": NaN,
			"Last_eq_time": 1987,
			"Mobs": NaN,
			"Sd_Mobs": NaN,
			"year_for_calculations": NaN,
			"m_ScR": "L10-D",
            		"Weighted": [],
			"ShearModulus": 3,
			"StrainDrop": 3,
			"fault_behavior": 3,
			"Mmin": NaN,
			"b_value": NaN,
			"bin": 0.1,
			"w": 50,
			"mag_truncation": 1
			},
		"Site_information": {
			"y_FSL_value": 0.5,
			"Recurrence_time": NaN,
			"Design_displ": NaN,
			"Site_size": 50,
			"r0_value": 1.5,
			"Wall_type": "HW"
			},
		"PFDH_model_PF": {
			"P_slip_m": "WC93",
			"Input_MAEA24": "", 
			"Displ_type": 1, 
			"d_ScR": "WC94-N",
			"d_truncation": 3,
			"P_D_model": "YEA03",
			"floating": 1,
			"floating_bin": 1,
			"classic": 0,
			"srl_ScR": "WC94-N",
			"P2p": 0
			},
		"PFDH_model_DR": {
			"Pslip_DR_m": "YEA03",
			"Pexc_DR_m": "YEA03_a"
			}
	},
	"FF4": {
		"Fault_parameters": {
			"FaultName": "Scenario 4 - FL21a",
			"kinematicType": "N",
			"Length": 31.3,
			"Width": NaN,
			"Dip": 40,
			"Seismogenic_Thickness": 7
			},
		"Fault_activity": {
			"SR_min": 0.14,
			"SR_max": 0.35,
            		"Input_Mw": NaN,
			"Input_probability": NaN,
			"Last_eq_time": 1987,
			"Mobs": NaN,
			"Sd_Mobs": NaN,
			"year_for_calculations": NaN,
			"m_ScR": "L10-D",
            		"Weighted": [],
			"ShearModulus": 3,
			"StrainDrop": 3,
			"fault_behavior": 3,
			"Mmin": NaN,
			"b_value": NaN,
			"bin": 0.1,
			"w": 50,
			"mag_truncation": 1
			},
		"Site_information": {
			"y_FSL_value": 0.5,
			"Recurrence_time": NaN,
			"Design_displ": NaN,
			"Site_size": 50,
			"r0_value": 1.5,
			"Wall_type": "HW"
			},
		"PFDH_model_PF": {
			"P_slip_m": "WC93",
			"Input_MAEA24": "", 
			"Displ_type": 1, 
			"d_ScR": "WC94-N",
			"d_truncation": 3,
			"P_D_model": "YEA03",
			"floating": 0,
			"floating_bin": 1,
			"classic": 0,
			"srl_ScR": "",
			"P2p": 0
			},
		"PFDH_model_DR": {
			"Pslip_DR_m": "FL21_a",
			"Pexc_DR_m": "YEA03_a"
			}
	}


}
