{
  "FF1": {
    "Fault_parameters": {
      "FaultName": "FagliaDeiLaghi",
      "kinematicType": "SS",
      "Length": 26,
      "Width": 16,
      "Dip": 55,
      "Seismogenic_Thickness": 14.1
    },
    "Fault_activity": {
      "Input_Mw": NaN,
      "Input_probability": NaN,
      "Last_eq_time": 1638,
      "Mobs": 6.8,
      "Sd_Mobs": 0.2,
      "year_for_calculations": NaN,
      "m_ScR": "L10-D",
      "Weighted": [],
      "ShearModulus": 3,
      "StrainDrop": 3,
      "Mmin": 5.5,
      "b_value": 1,
      "bin": 0.1,
      "w": 50,
      "mag_truncation": 0,
      "SR_min": 0.7,
      "SR_max": 0.7,
      "fault_behavior": 3
    },
    "Site_information": {
      "y_FSL_value": 0.5,
      "Recurrence_time": NaN,
      "Design_displ": NaN,
      "Site_size": 100,
      "r0_value": 0.325,
      "Wall_type": "HW"
    },
    "PFDH_model_PF": {
      "Input_MAEA24": "",
      "Displ_type": 1,
      "d_truncation": 3,
      "floating": 0,
      "floating_bin": 1,
      "classic": 0,
      "P2p": 1,
      "P_slip_m": "WC93",
      "d_ScR": "TEA13",
      "P_D_model": "TEA13",
      "srl_ScR": "WC94-A"
    },
    "PFDH_model_DR": {
      "Pslip_DR_m": "TEA13",
      "Pexc_DR_m": "TEA13_b"
    }
  }
}