{
	"FF1": {
		"Fault_parameters": {
			"FaultName": "MR11",
			"kinematicType": "R",
			"Length": 100,
			"Width": 14,
			"Dip": NaN,
			"Seismogenic_Thickness": NaN
			},
		"Fault_activity": {
			"SR_min": 5,
			"SR_max": 5,
            "Input_Mw": [],
			"Input_probability": [],
			"Last_eq_time": NaN,
			"Mobs": 7.0,
			"Sd_Mobs": 0.1,
			"year_for_calculations": NaN,
			"m_ScR": "WC94-R",
            "Weighted": [0,0,0,0,1],
			"ShearModulus": 3.75,
			"StrainDrop": 5,
			"fault_behavior": 6,
			"Mmin": 5.0,
			"b_value": 0.8,
			"bin": 0.1,
			"w": 50,
			"mag_truncation": 2
			},
		"Site_information": {
			"y_FSL_value": 0.5,
			"Recurrence_time": 975,
			"Design_displ": NaN,
			"Site_size": NaN,
			"r0_value": 0.5,
			"Wall_type": "HW"
			},
		"PFDH_model_PF": {
			"P_slip_m": "MEA13-R_b",
            "Input_MAEA24": "0,3,ITA_N,50,2,2.5,9,2,1", 
			"Displ_type": 1, 
			"d_ScR": "MEA22",
			"d_truncation": NaN,
			"P_D_model": "MEA22",
			"classic": 0,
			"floating": 1,
			"floating_bin": 1,
			"srl_ScR": "WC94-R",
			"P2p": 0
			},
		"PFDH_model_DR": {
			"Pslip_DR_m": "MEA22",
			"Pexc_DR_m": "MEA22_a"
			}
	}
}
