{
	"FF1": {
		"Fault_parameters": {
			"FaultName": "Paganica - WC93",
			"kinematicType": "N",
			"Length": 20,
			"Width": NaN,
			"Dip": 50,
			"Seismogenic_Thickness": 14
			},
		"Fault_activity": {
			"SR_min": 0.6,
			"SR_max": 0.8,
            		"Input_Mw": NaN,
			"Input_probability": NaN,
			"Last_eq_time": 2009,
			"Mobs": 6.3,
			"Sd_Mobs": 0.1,
			"year_for_calculations": NaN,
			"m_ScR": "L10-D",
			"Weighted": [],
			"ShearModulus": 3,
			"StrainDrop": 3,
			"fault_behavior": 1,
			"Mmin": 6,
			"b_value": 1,
			"bin": 0.1,
			"w": 50,
			"mag_truncation": 2
			},
		"Site_information": {
			"y_FSL_value": 0.5,
			"Recurrence_time": 10000,
			"Design_displ": NaN,
			"Site_size": 50,
			"r0_value": NaN,
			"Wall_type": "HW"
			},
		"PFDH_model_PF": {
			"P_slip_m": "WC93",
			"Input_MAEA24": "", 
			"Displ_type": 1, 
			"d_ScR": "L14-D",
			"d_truncation": NaN,
			"P_D_model": "YEA03",
			"floating": 1,
			"floating_bin": 1,
			"classic": 0,
			"srl_ScR": "L14-D",
			"P2p": 0
			},
		"PFDH_model_DR": {
			"Pslip_DR_m": [],
			"Pexc_DR_m": []
			}
	},
	"FF2": {
		"Fault_parameters": {
			"FaultName": "Paganica - PZA23-A",
			"kinematicType": "N",
			"Length": 20,
			"Width": NaN,
			"Dip": 50,
			"Seismogenic_Thickness": 14
			},
		"Fault_activity": {
			"SR_min": 0.6,
			"SR_max": 0.8,
            		"Input_Mw": NaN,
			"Input_probability": NaN,
			"Last_eq_time": 2009,
			"Mobs": 6.3,
			"Sd_Mobs": 0.1,
			"year_for_calculations": NaN,
			"m_ScR": "L10-D",
			"Weighted": [],
			"ShearModulus": 3,
			"StrainDrop": 3,
			"fault_behavior": 1,
			"Mmin": 6,
			"b_value": 1,
			"bin": 0.1,
			"w": 50,
			"mag_truncation": 2
			},
		"Site_information": {
			"y_FSL_value": 0.5,
			"Recurrence_time": 10000,
			"Design_displ": NaN,
			"Site_size": 50,
			"r0_value": NaN,
			"Wall_type": "HW"
			},
		"PFDH_model_PF": {
			"P_slip_m": "PZA23-A",
			"Input_MAEA24": "", 
			"Displ_type": 1, 
			"d_ScR": "L14-D",
			"d_truncation": NaN,
			"P_D_model": "YEA03",
			"floating": 1,
			"floating_bin": 1,
			"classic": 0,
			"srl_ScR": "L14-D",
			"P2p": 0
			},
		"PFDH_model_DR": {
			"Pslip_DR_m": [],
			"Pexc_DR_m": []
			}
	},
	"FF3": {
		"Fault_parameters": {
			"FaultName": "Paganica - PZA23-N",
			"kinematicType": "N",
			"Length": 20,
			"Width": NaN,
			"Dip": 50,
			"Seismogenic_Thickness": 14
			},
		"Fault_activity": {
			"SR_min": 0.6,
			"SR_max": 0.8,
            		"Input_Mw": NaN,
			"Input_probability": NaN,
			"Last_eq_time": 2009,
			"Mobs": 6.3,
			"Sd_Mobs": 0.1,
			"year_for_calculations": NaN,
			"m_ScR": "L10-D",
			"Weighted": [],
			"ShearModulus": 3,
			"StrainDrop": 3,
			"fault_behavior": 1,
			"Mmin": 6,
			"b_value": 1,
			"bin": 0.1,
			"w": 50,
			"mag_truncation": 2
			},
		"Site_information": {
			"y_FSL_value": 0.5,
			"Recurrence_time": 10000,
			"Design_displ": NaN,
			"Site_size": 50,
			"r0_value": NaN,
			"Wall_type": "HW"
			},
		"PFDH_model_PF": {
			"P_slip_m": "PZA23-N",
			"Input_MAEA24": "", 
			"Displ_type": 1, 
			"d_ScR": "L14-D",
			"d_truncation": NaN,
			"P_D_model": "YEA03",
			"floating": 1,
			"floating_bin": 1,
			"classic": 0,
			"srl_ScR": "L14-D",
			"P2p": 0
			},
		"PFDH_model_DR": {
			"Pslip_DR_m": [],
			"Pexc_DR_m": []
			}
	},
	"FF4": {
		"Fault_parameters": {
			"FaultName": "Paganica - YEA03_a",
			"kinematicType": "N",
			"Length": 20,
			"Width": NaN,
			"Dip": 50,
			"Seismogenic_Thickness": 14
			},
		"Fault_activity": {
			"SR_min": 0.6,
			"SR_max": 0.8,
            		"Input_Mw": NaN,
			"Input_probability": NaN,
			"Last_eq_time": 2009,
			"Mobs": 6.3,
			"Sd_Mobs": 0.1,
			"year_for_calculations": NaN,
			"m_ScR": "L10-D",
			"Weighted": [],
			"ShearModulus": 3,
			"StrainDrop": 3,
			"fault_behavior": 1,
			"Mmin": 6,
			"b_value": 1,
			"bin": 0.1,
			"w": 50,
			"mag_truncation": 2
			},
		"Site_information": {
			"y_FSL_value": 0.5,
			"Recurrence_time": 10000,
			"Design_displ": NaN,
			"Site_size": 50,
			"r0_value": NaN,
			"Wall_type": "HW"
			},
		"PFDH_model_PF": {
			"P_slip_m": "YEA03_a",
			"Input_MAEA24": "", 
			"Displ_type": 1, 
			"d_ScR": "L14-D",
			"d_truncation": NaN,
			"P_D_model": "YEA03",
			"floating": 1,
			"floating_bin": 1,
			"classic": 0,
			"srl_ScR": "L14-D",
			"P2p": 0
			},
		"PFDH_model_DR": {
			"Pslip_DR_m": [],
			"Pexc_DR_m": []
			}
	},
	"FF5": {
		"Fault_parameters": {
			"FaultName": "Paganica - YEA03_b",
			"kinematicType": "N",
			"Length": 20,
			"Width": NaN,
			"Dip": 50,
			"Seismogenic_Thickness": 14
			},
		"Fault_activity": {
			"SR_min": 0.6,
			"SR_max": 0.8,
            		"Input_Mw": NaN,
			"Input_probability": NaN,
			"Last_eq_time": 2009,
			"Mobs": 6.3,
			"Sd_Mobs": 0.1,
			"year_for_calculations": NaN,
			"m_ScR": "L10-D",
			"Weighted": [],
			"ShearModulus": 3,
			"StrainDrop": 3,
			"fault_behavior": 1,
			"Mmin": 6,
			"b_value": 1,
			"bin": 0.1,
			"w": 50,
			"mag_truncation": 2
			},
		"Site_information": {
			"y_FSL_value": 0.5,
			"Recurrence_time": 10000,
			"Design_displ": NaN,
			"Site_size": 50,
			"r0_value": NaN,
			"Wall_type": "HW"
			},
		"PFDH_model_PF": {
			"P_slip_m": "YEA03_b",
			"Input_MAEA24": "", 
			"Displ_type": 1, 
			"d_ScR": "L14-D",
			"d_truncation": NaN,
			"P_D_model": "YEA03",
			"floating": 1,
			"floating_bin": 1,
			"classic": 0,
			"srl_ScR": "L14-D",
			"P2p": 0
			},
		"PFDH_model_DR": {
			"Pslip_DR_m": [],
			"Pexc_DR_m": []
			}
	},
	"FF6": {
		"Fault_parameters": {
			"FaultName": "Paganica - YEA03_c",
			"kinematicType": "N",
			"Length": 20,
			"Width": NaN,
			"Dip": 50,
			"Seismogenic_Thickness": 14
			},
		"Fault_activity": {
			"SR_min": 0.6,
			"SR_max": 0.8,
            		"Input_Mw": NaN,
			"Input_probability": NaN,
			"Last_eq_time": 2009,
			"Mobs": 6.3,
			"Sd_Mobs": 0.1,
			"year_for_calculations": NaN,
			"m_ScR": "L10-D",
			"Weighted": [],
			"ShearModulus": 3,
			"StrainDrop": 3,
			"fault_behavior": 1,
			"Mmin": 6,
			"b_value": 1,
			"bin": 0.1,
			"w": 50,
			"mag_truncation": 2
			},
		"Site_information": {
			"y_FSL_value": 0.5,
			"Recurrence_time": 10000,
			"Design_displ": NaN,
			"Site_size": 50,
			"r0_value": NaN,
			"Wall_type": "HW"
			},
		"PFDH_model_PF": {
			"P_slip_m": "YEA03_c",
			"Input_MAEA24": "", 
			"Displ_type": 1, 
			"d_ScR": "L14-D",
			"d_truncation": NaN,
			"P_D_model": "YEA03",
			"floating": 1,
			"floating_bin": 1,
			"classic": 0,
			"srl_ScR": "L14-D",
			"P2p": 0
			},
		"PFDH_model_DR": {
			"Pslip_DR_m": [],
			"Pexc_DR_m": []
			}
	},
	"FF7": {
		"Fault_parameters": {
			"FaultName": "Paganica - MAEA24",
			"kinematicType": "N",
			"Length": 20,
			"Width": NaN,
			"Dip": 50,
			"Seismogenic_Thickness": 14
			},
		"Fault_activity": {
			"SR_min": 0.6,
			"SR_max": 0.8,
            		"Input_Mw": NaN,
			"Input_probability": NaN,
			"Last_eq_time": 2009,
			"Mobs": 6.3,
			"Sd_Mobs": 0.1,
			"year_for_calculations": NaN,
			"m_ScR": "L10-D",
			"Weighted": [],
			"ShearModulus": 3,
			"StrainDrop": 3,
			"fault_behavior": 1,
			"Mmin": 6,
			"b_value": 1,
			"bin": 0.1,
			"w": 50,
			"mag_truncation": 2
			},
		"Site_information": {
			"y_FSL_value": 0.5,
			"Recurrence_time": 10000,
			"Design_displ": NaN,
			"Site_size": 50,
			"r0_value": NaN,
			"Wall_type": "HW"
			},
		"PFDH_model_PF": {
			"P_slip_m": "MAEA24",
			"Input_MAEA24": "0,3,ITA_N,50,2,2.5,14,2,1", 
			"Displ_type": 1, 
			"d_ScR": "L14-D",
			"d_truncation": NaN,
			"P_D_model": "YEA03",
			"floating": 1,
			"floating_bin": 1,
			"classic": 0,
			"srl_ScR": "L14-D",
			"P2p": 0
			},
		"PFDH_model_DR": {
			"Pslip_DR_m": [],
			"Pexc_DR_m": []
			}
	}


}
