{
	"FF4": {
		"Fault_parameters": {
			"FaultName": "Scenario 4 - PEA11",
			"kinematicType": "SS",
			"Length": 70,
			"Width": NaN,
			"Dip": 90,
			"Seismogenic_Thickness": 7
			},
		"Fault_activity": {
			"SR_min": 0.14,
			"SR_max": 0.35,
            "Input_Mw": NaN,
			"Input_probability": NaN,
			"Last_eq_time": 1987,
			"Mobs": NaN,
			"Sd_Mobs": NaN,
			"year_for_calculations": NaN,
			"m_ScR": "L10-S",
            "Weighted": [],
			"ShearModulus": 3,
			"StrainDrop": 3,
			"fault_behavior": 6,
			"Mmin": 6,
			"b_value": 0.9,
			"bin": 0.1,
			"w": 50,
			"mag_truncation": 1
			},
		"Site_information": {
			"y_FSL_value": 0.5,
			"Recurrence_time": NaN,
			"Design_displ": NaN,
			"Site_size": 50,
			"r0_value": 0,
			"Wall_type": "HW"
			},
		"PFDH_model_PF": {
			"P_slip_m": "PZA23-S",
			"Input_MAEA24": "", 
			"Displ_type": 1, 
			"d_ScR": "WC94-S",
			"d_truncation": NaN,
			"P_D_model": "PEA11_c",
			"floating": 1,
			"floating_bin": 1,
			"classic": 0,
			"srl_ScR": "WC94-S",
			"P2p": 0
			},
		"PFDH_model_DR": {
			"Pslip_DR_m": "",
			"Pexc_DR_m": ""
			}
	}


}
