{
  "FF1": {
    "Fault_parameters": {
      "FaultName": "Prova",
      "kinematicType": "SS",
      "Length": 60,
      "Width": NaN,
      "Dip": 90,
      "Seismogenic_Thickness": 14
    },
    "Fault_activity": {
      "Input_Mw": 7.3,
      "Input_probability": 0.0033,
      "Last_eq_time": 1638,
      "Mobs": 6.8,
      "Sd_Mobs": 0.2,
      "year_for_calculations": NaN,
      "m_ScR": "L10-S",
      "Weighted": [],
      "ShearModulus": 3,
      "StrainDrop": 3,
      "Mmin": 5.5,
      "b_value": 1,
      "bin": 0.1,
      "w": 50,
      "mag_truncation": 3,
      "SR_min": 1.2,
      "SR_max": 1.2,
      "fault_behavior": 3
    },
    "Site_information": {
      "y_FSL_value": 0.5,
      "Recurrence_time": NaN,
      "Design_displ": NaN,
      "Site_size": 100,
      "r0_value": 0.03,
      "Wall_type": "HW"
    },
    "PFDH_model_PF": {
      "Input_MAEA24": "",
      "Displ_type": 1,
      "d_truncation": 3,
      "floating": 0,
      "floating_bin": 1,
      "classic": 0,
      "P2p": 0,
      "P_slip_m": "WC93",
      "d_ScR": "WC94-S",
      "P_D_model": "PEA11_a",
      "srl_ScR": "L14-S"
    },
    "PFDH_model_DR": {
      "Pslip_DR_m": "PEA11_d",
      "Pexc_DR_m": "PEA11"
    }
  }
}