{
  "FF1": {
    "Fault_parameters": {
      "FaultName": "Prova",
      "kinematicType": "R",
      "Length": 22,
      "Width": NaN,
      "Dip": 90,
      "Seismogenic_Thickness": 22
    },
    "Fault_activity": {
      "Input_Mw": 6.6,
      "Input_probability": 0.000033,
      "Last_eq_time": 1638,
      "Mobs": 6.8,
      "Sd_Mobs": 0.2,
      "year_for_calculations": NaN,
      "m_ScR": "WC94-R",
      "Weighted": [0,0,0,0,1],
      "ShearModulus": 3,
      "StrainDrop": 3,
      "Mmin": 5.5,
      "b_value": 1,
      "bin": 0.1,
      "w": 50,
      "mag_truncation": NaN,
      "SR_min": 1.2,
      "SR_max": 1.2,
      "fault_behavior": 1
    },
    "Site_information": {
      "y_FSL_value": 0.5,
      "Recurrence_time": 30000,
      "Design_displ": NaN,
      "Site_size": 500,
      "r0_value": 5,
      "Wall_type": "HW"
    },
    "PFDH_model_PF": {
      "Input_MAEA24": "",
      "Displ_type": 1,
      "d_truncation": 3,
      "floating": 0,
      "floating_bin": 1,
      "classic": 0,
      "P2p": 1,
      "P_slip_m": "TEA13",
      "d_ScR": "TEA13",
      "P_D_model": "TEA13",
      "srl_ScR": "L14-S"
    },
    "PFDH_model_DR": {
      "Pslip_DR_m": "TEA13",
      "Pexc_DR_m": "TEA13_b"
    }
  }
}