{
	"FF1": {
		"Fault_parameters": {
			"FaultName": "LeTeil",
			"kinematicType": "R",
			"Length": 8,
			"Width": NaN,
			"Dip": 45,
			"Seismogenic_Thickness": 4
			},
		"Fault_activity": {
			"SR_min": 0.01,
			"SR_max": 0.01,
            "Input_Mw": [],
			"Input_probability": [],
			"Last_eq_time": NaN,
			"Mobs": 4.9,
			"Sd_Mobs": 0.1,
			"year_for_calculations": NaN,
			"m_ScR": "WC94-R",
			"Weighted": [],
			"ShearModulus": 3,
			"StrainDrop": 3,
			"fault_behavior": 3,
			"Mmin": 5.0,
			"b_value": 0.8,
			"bin": 0.1,
			"w": 50,
			"mag_truncation": 3
			},
		"Site_information": {
			"y_FSL_value": 0.5,
			"Recurrence_time": NaN,
			"Design_displ": NaN,
			"Site_size": 100,
			"r0_value": 0,
			"Wall_type": "FW"
			},
		"PFDH_model_PF": {
			"P_slip_m": "TEA13",
			"Input_MAEA24": "", 
			"Displ_type": 2, 
			"d_ScR": "TEA13",
			"d_truncation": 3,
			"P_D_model": "TEA13",
			"classic": 0,
			"floating": 1,
			"floating_bin": 1,
			"srl_ScR": "WC94-R",
			"P2p": 0
			},
		"PFDH_model_DR": {
			"Pslip_DR_m": "TEA14_b",
			"Pexc_DR_m": "TEA14"
			}
	}
}
