{
	"FF1": {
		"Map_information": {
			"long_range": [13.30, 13.60],
			"lat_range": [42.26, 42.45],
			"step": 0.001,
			"max_dist": [5000, 5000],
			"input_shapefile": "Paganica_SPD.shp"
			},
		"Fault_parameters": {
			"FaultName": "Prova Strike-Slip",
			"kinematicType": "R",
			"Length": 70,
			"Width": NaN,
			"Strike": 110,
			"Dip": 90,
			"Seismogenic_Thickness": 14,
			"Fault_zone": [10, 10]
			},
		"Fault_activity": {
			"SR_min": 0.6,
			"SR_max": 0.8,
			"Input_Mw": 7.3,
			"Input_probability": 0.0033,
			"Last_eq_time": NaN,
			"Mobs": NaN,
			"Sd_Mobs": NaN,
			"year_for_calculations": NaN,
			"m_ScR": "L10-S",
			"Weighted": [],
			"ShearModulus": 3,
			"StrainDrop": 3,
			"fault_behavior": 1,
			"Mmin": 5.9,
			"b_value": 1,
			"bin": 0.1,
			"w": 50,
			"mag_truncation": 2
			},
		"Design_information": {
			"Recurrence_time": 10000,
			"Design_displ": NaN
			},
		"PFDH_model_PF": {
			"P_slip_m": "PZA23-R",
        		"Input_MAEA24": NaN,
			"Displ_type": 1, 
			"d_ScR": "WC94-S",
			"d_truncation": NaN,
			"P_D_model": "MEA22",
			"floating": 1,
			"floating_bin": 1,
			"srl_ScR": "L14-D",
			"P2p": 0
			},
		"PFDH_model_DR": {
			"Pslip_DR_m": "MEA22",
			"Pexc_DR_m": "MEA22_a"
			}
	}
}
